Product ID,Name,Model,Description,Price,Tax Class,Categories
9244,SENCAN LED FILAMENT RUSTIK AMPUL SNC-260,SNC-260,"3000K, 4000K, 6500K ILIK BEYAZ","55,000",KDV (%18),109
9245,SENCAN LED FILAMENT RUSTIK AMPUL SNC-282,SNC-282,220-240V | 6W | 690 LM | E14 | 4000K ILIK BEYAZ,"21,000",KDV (%18),109
9246,SENCAN LED FILAMENT RUSTIK AMPUL SNC-25,SNC-25,"220-240V | 4W | 350 LM | E14 | 2700K, 3200K, 4000K","16,000",KDV (%18),109
9247,SENCAN LED FILAMENT RUSTIK AMPUL SNC-23,SNC-23,"220-240V | 4W | 350 LM | E14 | 2700K, 3200K, 4000K","16,000",KDV (%18),109
9248,SENCAN LED FILAMENT RUSTIK AMPUL SNC-92,SNC-92,220-240V | 6W | 690 LM | E14 | 3000K,"21,000",KDV (%18),109
9249,SENCAN LED FILAMENT RUSTIK AMPUL SNC-83,SNC-83,220-240V | 6W | 690 LM | E14 | 3000K,"21,000",KDV (%18),109
9250,SENCAN LED FILAMENT RUSTIK AMPUL SNC-35,SNC-35,220-240V | 8W | 1050 LM | E14 | 3000K,"36,000",KDV (%18),109
9251,SENCAN LED FILAMENT RUSTIK AMPUL SNC-36,SNC-36,220-240V | 8W | E14 | 3000K,"36,000",KDV (%18),109
9252,SENCAN LED FILAMENT RUSTIK AMPUL SNC-93,SNC-93,220-240V | 6W | 690 LM | E14 | 6500K BEYAZ IŞIK,"21,000",KDV (%18),109
9253,SENCAN LED FILAMENT RUSTIK AMPUL SNC-94,SNC-94,240V | 6W | 690 LM | E14 | 6500K BEYAZ IŞIK,"21,000",KDV (%18),109
9254,SENCAN LED FILAMENT RUSTIK AMPUL SNC-51,SNC-51,220-240V | 4W | 390 LM | E14 | BAL CAM | 2500K,"36,000",KDV (%18),109
9255,SENCAN LED FILAMENT RUSTIK AMPUL SNC-208,SNC-208,220-240V | 4W | 270 LM | E14 | 2700K AMBER,"23,000",KDV (%18),109
9256,SENCAN LED FILAMENT RUSTIK AMPUL SNC-98,SNC-98,"220-240V | 4W | 270 LM | E14 | BAL CAM | 2200K, 2700K AMBER","23,000",KDV (%18),109
9257,SENCAN LED FILAMENT RUSTIK AMPUL SNC-34,SNC-34,220-240V | 6W | 575 LM | E14 | BAL CAM | 2500K,"24,000",KDV (%18),109
9258,SENCAN LED FILAMENT RUSTIK AMPUL SNC-66,SNC-66,220-240V | 4W | 3500 LM | E14 | BAL CAM | 2200K AMBER,"36,500",KDV (%18),109
9259,SENCAN LED FILAMENT RUSTIK AMPUL SNC-248,SNC-248,220-240V | 6W | 530 LM | E14 | BAL CAM | 2500K,"26,000",KDV (%18),109
9260,SENCAN LED FILAMENT RUSTIK AMPUL SNC-43,SNC-43,220-240V | 6W | 530 LM | E27 | BAL CAM | 2500K,"26,000",KDV (%18),109
9261,SENCAN LED FILAMENT RUSTIK AMPUL SNC-44,SNC-44,220-240V | 6W | 690 LM | E14 | 3000K,"24,000",KDV (%18),109
9262,SENCAN LED FILAMENT RUSTIK AMPUL SNC-213,SNC-213,220-240V | 4W | 270 LM | E14 | BAL CAM | 2200K AMBER,"28,000",KDV (%18),109
9263,SENCAN LED FILAMENT RUSTIK AMPUL SNC-49,SNC-49,220-240V | 4W | 350 LM | E14 | 2700K,"26,000",KDV (%18),109
9264,SENCAN LED FILAMENT RUSTIK AMPUL SNC-214,SNC-214,220-240V | 4W | 270 LM | E27 | BAL CAM | 1800K AMBER,"28,000",KDV (%18),109
9265,SENCAN LED FILAMENT RUSTIK AMPUL SNC-27,SNC-27,220-240V | 4W | 350 LM | E27 | 2700K,"26,000",KDV (%18),109
9266,SENCAN LED FILAMENT RUSTIK AMPUL SNC-69,SNC-69,220-240V | 2W | 220 LM | E14 | 2700K,"27,500",KDV (%18),109
9267,SENCAN LED FILAMENT RUSTIK AMPUL SNC-290,SNC-290,"220-240V | 2W | 120 LM | E14 | 3000K, 6500K","16,500",KDV (%18),109
9268,SENCAN LED FILAMENT RUSTIK AMPUL SNC-42,SNC-42,220-240V | 6W | 690 LM | E27 | BAL CAM | 3000K,"24,000",KDV (%18),109
9269,SENCAN LED FILAMENT RUSTIK AMPUL SNC-247,SNC-247,220-240V | 6W | 690 LM | E27 | 6500K BEYAZ IŞIK,"24,000",KDV (%18),109
9270,SENCAN LED FILAMENT RUSTIK AMPUL SNC-237,SNC-237,220-240V | 6W | 575 LM | E14 | OPAL CAM | 3000K GÜN IŞIĞI,"24,000",KDV (%18),109
9271,SENCAN LED FILAMENT RUSTIK AMPUL SNC-99,SNC-99,220-240V | 4W | 275 LM | E14 | BUZLU CAM | 2700K,"24,000",KDV (%18),109
9272,SENCAN LED FILAMENT RUSTIK AMPUL SNC-215,SNC-215,"220-240V | 5W | 3500 LM | E27 | 3000K, 6500K BEYAZ","16,000",KDV (%18),109
9273,SENCAN LED FILAMENT RUSTIK AMPUL SNC-239,SNC-239,220-240V | 6W | 630 LM | E27 | OPAL CAM | 3000K,"25,500",KDV (%18),109
9274,SENCAN LED FILAMENT RUSTIK AMPUL SNC-261,SNC-261,"220-240V | 6W | 760 LM | E27 | 3000K, 4000K, 6500K ILIK BEYAZ","58,000",KDV (%18),109
9275,SENCAN LED FILAMENT RUSTIK AMPUL SNC-283,SNC-283,220-240V | 6W | 660 LM | E27 | 4000K ILIK BEYAZ,"24,000",KDV (%18),109
9276,SENCAN LED FILAMENT RUSTIK AMPUL SNC-28,SNC-28,"220-240V | 4W | E27 | 2700K, 3200K, 4000K","20,000",KDV (%18),109
9277,SENCAN LED FILAMENT RUSTIK AMPUL SNC-95,SNC-95,220-240V | 6W | E27 | 3000K,"24,000",KDV (%18),109
9278,SENCAN LED FILAMENT RUSTIK AMPUL SNC-96,SNC-96,220-240V | 6W | 660 LM | E27 | 6500K BEYAZ IŞIK,"24,000",KDV (%18),109
9279,SENCAN LED FILAMENT RUSTIK AMPUL SNC-252,SNC-252,220-240V | 8W | E27 | 3000K,"44,000",KDV (%18),109
9280,SENCAN LED FILAMENT RUSTIK AMPUL SNC-304,SNC-304,220-240V | 12W | 1500 LM | E27 | ŞEFFAF CAM | 3000K,"55,000",KDV (%18),109
9281,SENCAN LED FILAMENT RUSTIK AMPUL SNC-50,SNC-50,"220-240V | 4W | 250 LM | E27 | BAL CAM | 1800K, 2200K, 2700K AMBER","28,000",KDV (%18),109
9282,SENCAN LED FILAMENT RUSTIK AMPUL SNC-37,SNC-37,220-240V | 6W | 575 LM | E27 | BAL CAM | 2500K,"26,000",KDV (%18),109
9283,SENCAN LED FILAMENT RUSTIK AMPUL SNC-210,SNC-210,220-240V | 4W | 250 LM | E27 | ŞEFFAF CAM | 2200K,"135,000",KDV (%18),108
9284,SENCAN LED FILAMENT RUSTIK AMPUL SNC-211,SNC-211,220-240V | 4W | 250 LM | E27 | ŞEFFAF CAM | 2200K,"120,000",KDV (%18),108
9285,SENCAN LED FILAMENT RUSTIK AMPUL SNC-235-2,SNC-235-2,220-240V | 4W | 250 LM | E27 | OPAL CAM,"35,000",KDV (%18),108
9286,SENCAN LED FILAMENT RUSTIK AMPUL SNC-234,SNC-234,220-240V | 6W | 575 LM | E27 | OPAL CAM | 3000K,"35,000",KDV (%18),108
9287,SENCAN LED FILAMENT RUSTIK AMPUL SNC-97,SNC-97,220-240V | 6W | 575 LM | E27 | OPAL CAM | 3000K,"32,000",KDV (%18),108
9288,SENCAN LED FILAMENT RUSTIK AMPUL SNC-45,SNC-45,220-240V | 4W | 260 LM | E27 | BAL CAM | 2700K,"29,000",KDV (%18),108
9289,SENCAN LED FILAMENT RUSTIK AMPUL SNC-31,SNC-31,220-240V | 6W | 575 LM | E27 | BAL CAM | 2500K,"26,000",KDV (%18),108
9290,SENCAN LED FILAMENT RUSTIK AMPUL SNC-81,SNC-81,"220-240V | 4W | 270 LM | E27 | BAL CAM | 1800K, 2200K, 2500K, 2700K AMBER","30,000",KDV (%18),108
9291,SENCAN LED FILAMENT RUSTIK AMPUL SNC-53,SNC-53,220-240V | 6W | 575 LM | E27 | BAL CAM | 2500K,"33,500",KDV (%18),108
9292,SENCAN LED FILAMENT RUSTIK AMPUL SNC-85,SNC-85,240V | 8W | 750 LM | E27 | BAL CAM | 2500K,"30,000",KDV (%18),108
9293,SENCAN LED FILAMENT RUSTIK AMPUL SNC-209,SNC-209,220-240V | 6W | 660 LM | E27 | 2700K,"30,000",KDV (%18),108
9294,SENCAN LED FILAMENT RUSTIK AMPUL SNC-31-2,SNC-31-2,220-240V | 6W | 660 LM | E27 | ŞEFFAF CAM | 6500K BEYAZ IŞIK,"37,500",KDV (%18),108
9295,SENCAN LED FILAMENT RUSTIK AMPUL SNC-30,SNC-30,20-240V | 4W | 250 LM | E27,"39,000",KDV (%18),108
9296,SENCAN LED FILAMENT RUSTIK AMPUL SNC-82,SNC-82,220-240V | 4W | 250 LM | E27,"43,500",KDV (%18),109
9297,SENCAN LED FILAMENT RUSTIK AMPUL SNC-86,SNC-86,"220-240V | 4W | 270 LM | E27 | BAL CAM | 1800K, 2200K, 2500K, 2700K AMBER","47,500",KDV (%18),108
9298,SENCAN LED FILAMENT RUSTIK AMPUL SNC-88,SNC-88,220-240V | 6W | 575 LM | E27 | BAL CAM | 2500K,"43,500",KDV (%18),108
9299,SENCAN LED FILAMENT RUSTIK AMPUL SNC-46,SNC-46,220-240V | 8W | 750 LM | E27 | BAL CAM | 2500K,"43,500",KDV (%18),108
9300,SENCAN LED FILAMENT RUSTIK AMPUL SNC-39,SNC-39,220-240V | 6W | 660 LM | E27 | 2700K,0.0000,KDV (%18),108
9301,SENCAN LED FILAMENT RUSTIK AMPUL SNC-232,SNC-232,220-240V | 6W | 660 LM | E27 | 6500K BEYAZ IŞIK,"63,500",KDV (%18),108
9302,SENCAN LED FILAMENT RUSTIK AMPUL SNC-233,SNC-233,220-240V | 6W | 575 LM | E27 | BAL CAM | 2500K,"92,000",KDV (%18),108
9303,SENCAN LED FILAMENT RUSTIK AMPUL SNC-52,SNC-52,220-240V | 9W | 1050 LM | E27 | OPAL CAM | 3000K,"53,000",KDV (%18),108
9304,SENCAN LED FILAMENT RUSTIK AMPUL SNC-32,SNC-32,220-240V | 9W | 1050 LM | E27 | OPAL CAM | 3000K,"61,500",KDV (%18),108
9305,SENCAN LED FILAMENT RUSTIK AMPUL SNC-T1856W-2700 K,SNC-T1856W-2700K,220-240V | 4W | 235 LM | E27 | BAL CAM | 2200K AMBER,"67,500",KDV (%18),108
9306,SENCAN LED FILAMENT RUSTIK AMPUL SNC-33,SNC-33,220-240V | 4W | E27 | BAL CAM | 2500K,"69,000",KDV (%18),108
9307,SENCAN LED FILAMENT RUSTIK AMPUL SNC-38,SNC-38,220-240V | 6W | 550 LM | E27 | BAL CAM | 2700K,"75,000",KDV (%18),108
9308,SENCAN LED FILAMENT RUSTIK AMPUL SNC-38-1,SNC-38-1,"220-240V | 6W | 575 LM | E27 | BAL CAM | 2500K, 2700K","80,000",KDV (%18),108
9309,SENCAN LED FILAMENT RUSTIK AMPUL SNC-80,SNC-80,220-240V | 8W | 7500 LM | E27 | BAL CAM | 2500K,"75,000",KDV (%18),108
9310,SENCAN LED FILAMENT RUSTIK AMPUL SNC-218,SNC-218,220-240V | 4W | 390 LM | E27 | BAL CAM | 2500K,"54,500",KDV (%18),108
9311,SENCAN LED FILAMENT RUSTIK AMPUL SNC-219,SNC-219,220-240V | 8W | 365 LM | E27 | 6500K BEYAZ IŞIK,"57,500",KDV (%18),108
9312,SENCAN LED FILAMENT RUSTIK AMPUL SNC-220,SNC-220,220-240V | 4W | 220 LM | E14 | 2700K,"5,450,000",KDV (%18),108
9313,SENCAN LED FILAMENT RUSTIK AMPUL SNC-221,SNC-221,220-240V | 4W | 220 LM | E14 | 2700K,"57,500",KDV (%18),108
9314,SENCAN LED FILAMENT RUSTIK AMPUL SNC-222,SNC-222,220-240V | 4W | 220 LM | E27 | 2700K,"54,500",KDV (%18),108
9315,SENCAN LED FILAMENT RUSTIK AMPUL SNC-223,SNC-223,220-240V | 4W | 220 LM | E27 | 2700K,"57,500",KDV (%18),108
9316,SENCAN LED FILAMENT RUSTIK AMPUL SNC-220-1,SNC-220-1,220-240V | 4W | 240 LM | E27 | 2700K,0.0000,KDV (%18),108
9317,SENCAN LED FILAMENT RUSTIK AMPUL SNC-1,SNC-1,220-240V | 9W | 630 LM | E14 | 3000K GÜN IŞIĞI,"24,000",KDV (%18),108
9318,SENCAN LED FILAMENT RUSTIK AMPUL SNC-2,SNC-2,220-240V | 9W | 630 LM | E27 | 3000K GÜN IŞIĞI,"24,000",KDV (%18),108
9319,SENCAN LED FILAMENT RUSTIK AMPUL SNC-306,SNC-306,"220-240V | 10W | E14 | 3000K, 4000K","28,000",KDV (%18),108
9320,SENCAN LED FILAMENT RUSTIK AMPUL SNC-307,SNC-307,"220-240V | 10W | 9500 LM | E27 | 3000K, 4000K","28,000",KDV (%18),108
9321,SENCAN LED FILAMENT RUSTIK AMPUL SNC-256,SNC-256,220-240V | 7W | 620 LM | E14 | 3000K,"22,000",KDV (%18),108
9322,SENCAN LED FILAMENT RUSTIK AMPUL SNC-257,SNC-257,220-240V | 7W | 620 LM | E27 | 3000K,"22,000",KDV (%18),108
9323,SENCAN LED FILAMENT RUSTIK AMPUL SNC-254,SNC-254,220-240V | 7W | 620 LM | E27 | 6500K BEYAZ IŞIK,"22,000",KDV (%18),108
9324,SENCAN LED FILAMENT RUSTIK AMPUL SNC-217,SNC-217,"220-240V | 5W | E14 | 3000K, 4000K","17,000",KDV (%18),108
9325,SENCAN LED FILAMENT RUSTIK AMPUL SNC-258,SNC-258,240V | 9W | 750 LM | G9 | 3000K,"37,500",KDV (%18),108
9326,SENCAN LED FILAMENT RUSTIK AMPUL SNC-270,SNC-270,240V | 9W | 750 LM | G9,"37,500",KDV (%18),108
9327,SENCAN LED FILAMENT RUSTIK AMPUL SNC-203,SNC-203,220-240V | 6W | 500 LM | E27 | SOFT CAM | 2700K,"193,500",KDV (%18),108
9328,SENCAN LED FILAMENT RUSTIK AMPUL SNC-284,SNC-284,220-240V | 6W | 400 LM | 3000K GÜN IŞIĞI,0.0000,KDV (%18),108
9329,SENCAN LED FILAMENT RUSTIK AMPUL SNC-287,SNC-287,"220V | 5W | G9 | 3000K, 4000K GÜN IŞIĞI","30,000",KDV (%18),108
9330,SENCAN LED FILAMENT RUSTIK AMPUL SNC-268,SNC-268,"220V | 5W | 300 LM | G9 | 3000K, 4000K, 6500K GÜN IŞIĞI",0.0000,KDV (%18),108
9331,SENCAN LED FILAMENT RUSTIK AMPUL SNC-289,SNC-289,220-240V | 7W | 420 LM | G9 | 3000K GÜN IŞIĞI,"23,000",KDV (%18),108
9332,SENCAN LED FILAMENT RUSTIK AMPUL SNC-264,SNC-264,220V | 3W | 220 LM | G9 | 3000K,"24,000",KDV (%18),108
9333,SENCAN LED FILAMENT RUSTIK AMPUL SNC-265,SNC-265,220V | 5W | 350 LM | G9 | 3000K,"28,000",KDV (%18),108
9334,SENCAN LED FILAMENT RUSTIK AMPUL SNC-263,SNC-263,220V | 3W | 220 LM | G9 | 3000K,"17,500",KDV (%18),108
9335,SENCAN LED FILAMENT RUSTIK AMPUL SNC-G-9,SNC-G-9,220V | 5W | 3500 LM | G9 | 3000K,0.0000,KDV (%18),108
9336,SENCAN LED FILAMENT RUSTIK AMPUL SNC-276,SNC-276,12V | 2W | 150 LM | 3000K GÜN IŞIĞI,"15,500",KDV (%18),108
9337,SENCAN LED FILAMENT RUSTIK AMPUL SNC-276-1,SNC-276-1,12-24V | 2W | 135 LM | 2700K GÜN IŞIĞI,"28,000",KDV (%18),108
9338,SENCAN LED FILAMENT RUSTIK AMPUL SNC-266,SNC-266,220V | 2W | 150 LM | 3000K,"13,000",KDV (%18),108
9339,SENCAN LED FILAMENT RUSTIK AMPUL SNC-266-1,SNC-266-1,220V | 3W | 210 LM | 2700K GÜN IŞIĞI,"28,000",KDV (%18),108
9340,SENCAN LED FILAMENT RUSTIK AMPUL SNC-262,SNC-262,220-240V | 2W | 140 LM | 3000K,"13,000",KDV (%18),
9341,SENCAN LED FILAMENT RUSTIK AMPUL SNC-288,SNC-288,"220-240V | 5W | 300 LM | 3000K, 4000K, 6500K ILIK BEYAZ","30,000",KDV (%18),108
9342,SENCAN LED FILAMENT RUSTIK AMPUL SNC-267,SNC-267,220-240V | 5W | 3500 LM | 6500K BEYAZ,"17,500",KDV (%18),108
9343,SENCAN LED FILAMENT RUSTIK AMPUL SNC-G4-7,SNC-G4-7,12V | 5W | 6500K BEYAZ,"19,000",KDV (%18),108
9344,SENCAN LED FILAMENT RUSTIK AMPUL SNC-G4,SNC-G4,220V | 5W | 350 LM | 3000K,"28,000",KDV (%18),108
9345,SENCAN LED FILAMENT RUSTIK AMPUL SNC-275,SNC-275,220-240V | 3W | 3000K,"24,000",KDV (%18),108
9346,SENCAN LED FILAMENT RUSTIK AMPUL SNC-205,SNC-205,220-240V | 4W | 120 LM | E27 | 2200K AMBER,"165,000",KDV (%18),109
9347,SENCAN LED FILAMENT RUSTIK AMPUL SNC-100,SNC-100,220-240V | 4W | 1700 LM | E27 | 2200K AMBER,"165,000",KDV (%18),109
9348,SENCAN LED FILAMENT RUSTIK AMPUL SNC-228,SNC-228,ÜRÜN AÇIKLAMASI YAKINDA EKLENECEKTIR,"650,000",KDV (%18),
9349,SENCAN LED FILAMENT RUSTIK AMPUL SNC-1923/1,SNC-1923/1,ÜRÜN AÇIKLAMASI YAKINDA EKLENECEKTIR,"660,000",KDV (%18),"108, 109"
9350,SENCAN LED FILAMENT RUSTIK AMPUL SNC-1923/2,SNC-1923/2,ÜRÜN AÇIKLAMASI YAKINDA EKLENECEKTIR,"660,000",KDV (%18),"108, 109"
9351,SENCAN LED FILAMENT RUSTIK AMPUL SNC-1453-1,SNC-1453-1,ÜRÜN AÇIKLAMASI YAKINDA EKLENECEKTIR,"660,000",KDV (%18),109
9352,SENCAN LED AYDINLATMA SNC-1453/2,SNC-1453/2,ÜRÜN AÇIKLAMASI YAKINDA EKLENECEKTIR,0.0000,KDV (%18),109
9353,SENCAN LED AYDINLATMA SNC-2015/8,SNC-2015/8,ÜRÜN AÇIKLAMASI YAKINDA EKLENECEKTIR,"660,000",KDV (%18),109
9354,SENCAN LED AYDINLATMA SNC-2019/3,SNC-2019/3,ÜRÜN AÇIKLAMASI YAKINDA EKLENECEKTIR,"660,000",KDV (%18),109
9355,SENCAN LED AYDINLATMA SNC-1881/1,SNC-1881/1,ÜRÜN AÇIKLAMASI YAKINDA EKLENECEKTIR,"660,000",KDV (%18),109
9356,SENCAN LED AYDINLATMA SNC-1881/2,SNC-1881/2,ÜRÜN AÇIKLAMASI YAKINDA EKLENECEKTIR,"660,000",KDV (%18),109
9358,SENCAN LED AYDINLATMA SNC-1922/2,SNC-1922/2,ÜRÜN AÇIKLAMASI YAKINDA EKLENECEKTIR,"660,000",KDV (%18),109
9359,SENCAN LED AYDINLATMA SNC-72,SNC-72,ÜRÜN AÇIKLAMASI YAKINDA EKLENECEKTIR,"560,000",KDV (%18),109
9360,SENCAN LED AYDINLATMA SNC-73,SNC-73,ÜRÜN AÇIKLAMASI YAKINDA EKLENECEKTIR,"560,000",KDV (%18),109
9361,SENCAN LED AYDINLATMA SNC-226,SNC-226,ÜRÜN AÇIKLAMASI YAKINDA EKLENECEKTIR,"1,000,000",KDV (%18),109
9362,SENCAN LED AYDINLATMA SNC-227,SNC-227,ÜRÜN AÇIKLAMASI YAKINDA EKLENECEKTIR,"1,000,000",KDV (%18),109
9363,SENCAN LED AYDINLATMA SNC-21,SNC-21,ÜRÜN AÇIKLAMASI YAKINDA EKLENECEKTIR,"540,000",KDV (%18),109
9364,SENCAN LED AYDINLATMA SNC-22,SNC-22,ÜRÜN AÇIKLAMASI YAKINDA EKLENECEKTIR,"540,000",KDV (%18),109
9365,SENCAN LED AYDINLATMA SNC-296,SNC-296,ÜRÜN AÇIKLAMASI YAKINDA EKLENECEKTIR,"275,000",KDV (%18),109
9366,SENCAN LED AYDINLATMA SNC-297,SNC-297,ÜRÜN AÇIKLAMASI YAKINDA EKLENECEKTIR,"275,000",KDV (%18),109
9367,SENCAN LED AYDINLATMA SNC-298,SNC-298,ÜRÜN AÇIKLAMASI YAKINDA EKLENECEKTIR,"560,000",KDV (%18),109
9368,SENCAN LED AYDINLATMA SNC-299,SNC-299,ÜRÜN AÇIKLAMASI YAKINDA EKLENECEKTIR,"560,000",KDV (%18),109
9369,SENCAN LED AYDINLATMA SNC-300,SNC-300,ÜRÜN AÇIKLAMASI YAKINDA EKLENECEKTIR,"560,000",KDV (%18),109
9370,SENCAN LED AYDINLATMA SNC-301,SNC-301,ÜRÜN AÇIKLAMASI YAKINDA EKLENECEKTIR,"560,000",KDV (%18),109
9371,SENCAN LED AYDINLATMA SNC-302,SNC-302,ÜRÜN AÇIKLAMASI YAKINDA EKLENECEKTIR,"450,000",KDV (%18),109
9372,SENCAN LED AYDINLATMA SNC-303,SNC-303,ÜRÜN AÇIKLAMASI YAKINDA EKLENECEKTIR,"450,000",KDV (%18),109
9373,SENCAN LED AYDINLATMA SNC-01,SNC-01,ÜRÜN AÇIKLAMASI YAKINDA EKLENECEKTIR,"85,000",KDV (%18),109
9374,SENCAN LED AYDINLATMA SNC-02,SNC-02,ÜRÜN AÇIKLAMASI YAKINDA EKLENECEKTIR,"90,000",KDV (%18),109
9375,SENCAN LED AYDINLATMA SNC-000,SNC-000,ÜRÜN AÇIKLAMASI YAKINDA EKLENECEKTIR,0.0000,KDV (%18),
9376,SENCAN TRAFO SNC-9376,SNC-9376,60W,"43,000",KDV (%18),77
9377,SENCAN TRAFO SNC-9377,SNC-9377,105W,"48,000",KDV (%18),77
9378,SENCAN TRAFO SNC-9378,SNC-9378,120W,"86,000",KDV (%18),77
9379,SENCAN TRAFO SNC-9379,SNC-9379,160W,"122,500",KDV (%18),77
9380,SENCAN TRAFO SNC-9380,SNC-9380,200W,"134,000",KDV (%18),77
9381,SENCAN TRAFO SNC-9381,SNC-9381,250W,"165,000",KDV (%18),77
9382,SENCAN TRAFO SNC-9382,SNC-9382,ÜRÜN AÇIKLAMASI YAKINDA EKLENECEKTIR,"26,000",KDV (%18),77
9383,SENCAN LED AYDINLATMA SNC-1922/1,SNC-1922/1,ÜRÜN AÇIKLAMASI YAKINDA EKLENECEKTIR,"660,000",KDV (%18),109
9385,SENCAN IC MEKAN YILBASI LEDI SNC-201,SNC-201,SNC-201 UZUNLUK 100 MT LED 100 LED,"110,000",KDV (%18),154
9386,SENCAN IC MEKAN YILBASI LEDI SNC-201-1,SNC-201-1,SNC-201-1 IÇ MEKAN UZUNLUK 10 MT LED 100 LED,"70,000",KDV (%18),154
9387,SENCAN IC MEKAN YILBASI LEDI SNC-202,SNC-202,SNC-202 UZUNLUK 10 MT LED 100 LED,"100,000",KDV (%18),154
9388,SENCAN IC MEKAN YILBASI LEDI SNC-203- S,SNC-203-S,UZUNLUK 10 MT LED 100 LED,"110,000",KDV (%18),154
9389,SENCAN IC MEKAN YILBASI LEDI SNC-203- Y,SNC-203-Y,SNC-203,"110,000",KDV (%18),154
9390,SENCAN IC MEKAN YILBASI LEDI SNC-204,SNC-204,SNC-204 UZUNLUK 100 MT LED 100 LED,"110,000",KDV (%18),154
9391,SENCAN DIS MEKAN YILBASI LEDI SNC-205- A,SNC-205-A,SNC-205 UZUNLUK 20 MT LED 200 LED,"180,000",KDV (%18),156
9392,SENCAN DIS MEKAN YILBASI LEDI SNC-205-1,SNC-205-1,SNC-205-1 UZUNLUK 3 MT LED 220 LED,"280,000",KDV (%18),156
9393,SENCAN DIS MEKAN AYDINLATMA SNC-205-2,SNC-205-2,SNC-205-2 UZUNLUK 1000 MT LED 100 LED/MT,"28,000",KDV (%18),70
9394,SENCAN IC MEKAN YILBASI LEDI SNC-206,SNC-206,SNC-206 UZUNLUK 10 MT LED 100 LED,"110,000",KDV (%18),154
9395,SENCAN DIS MEKAN YILBASI LEDI SNC-206-1,SNC-206-1,SNC-206-1 UZUNLUK 10 MT LED 100 LED,"115,000",KDV (%18),156
9396,SENCAN IC MEKAN YILBASI LEDI SNC-206-2,SNC-206-2,UZUNLUK 10 MT LED 100 LED -TOP HAREKET SABIT,"160,000",KDV (%18),154
9397,SENCAN IC MEKAN YILBASI LEDI SNC-207,SNC-207,UZUNLUK 5 MT LED 28 LED,"70,000",KDV (%18),154
9398,SENCAN IC MEKAN YILBASI LEDI SNC-207-1,SNC-207-1,UZUNLUK 10 MT LED 60 LED- SOFT,"110,000",KDV (%18),154
9399,SENCAN IC MEKAN YILBASI LEDI SNC-208- R,SNC-208-R,UZUNLUK 6 MT LED 28 LED RAMAZAN,"190,000",KDV (%18),154
9400,SENCAN IC MEKAN YILBASI LEDI SNC-208-1,SNC-208-1,UZUNLUK 10 MT LED 60 LED HAREKET SABIT / ANIMASYONLU KABLOŞEFFAF,"115,000",KDV (%18),154
9401,SENCAN IC MEKAN YILBASI LEDI SNC-209-2,SNC-209-2,UZUNLUK 10 MT LED 100 LED,"75,000",KDV (%18),154
9402,SENCAN IC MEKAN YILBASI LEDI SNC-210-2,SNC-210-2,UZUNLUK 50 MT,"290,000",KDV (%18),154
9403,SENCAN IC MEKAN YILBASI LEDI SNC-210-1,SNC-210-1,UZUNLUK 3 MT,"45,000",KDV (%18),154
9404,SENCAN IC MEKAN YILBASI LEDI SNC-211-3,SNC-211-3,UZUNLUK 5 MT,"75,000",KDV (%18),154
9405,SENCAN DIS MEKAN YILBASI LEDI SNC-211-1,SNC-211-1,UZUNLUK 10 MT,"250,000",KDV (%18),156
9406,SENCAN DIS MEKAN YILBASI LEDI SNC-211-2,SNC-211-2,UZUNLUK 10 MT,"230,000",KDV (%18),156
9407,SENCAN IC MEKAN YILBASI LEDI SNC-212,SNC-212,UZUNLUK 10 MT,"110,000",KDV (%18),154
9408,SENCAN IC MEKAN YILBASI LEDI SNC-212-1,SNC-212-1,UZUNLUK 4 MT,"75,000",KDV (%18),154
9409,SENCAN IC MEKAN YILBASI LEDI SNC-213-1,SNC-213-1,UZUNLUK 4 MT,"75,000",KDV (%18),154
9410,SENCAN IC MEKAN YILBASI LEDI SNC-214-2,SNC-214-2,UZUNLUK,"290,000",KDV (%18),154
9411,SENCAN IC MEKAN YILBASI LEDI SNC-214-1,SNC-214-1,UZUNLUK 5 MT,"290,000",KDV (%18),154
9412,SENCAN IC MEKAN YILBASI LEDI SNC-215-2,SNC-215-2,UZUNLUK 5 MT,"210,000",KDV (%18),154
9413,SENCAN IC MEKAN YILBASI LEDI SNC-215-1,SNC-215-1,UZUNLUK 3 MT,"190,000",KDV (%18),154
9414,SENCAN IC MEKAN YILBASI LEDI SNC-216,SNC-216,UZUNLUK 5 MT,"210,000",KDV (%18),154
9415,SENCAN IC MEKAN YILBASI LEDI SNC-217-1,SNC-217-1,UZUNLUK 5 MT,"190,000",KDV (%18),154
9416,SENCAN IC MEKAN YILBASI LEDI SNC-218-1,SNC-218-1,UZUNLUK 5 MT,"190,000",KDV (%18),154
9417,SENCAN IC MEKAN YILBASI LEDI SNC-219-2,SNC-219-2,UZUNLUK,"190,000",KDV (%18),154
9418,SENCAN IC MEKAN YILBASI LEDI SNC-219-1,SNC-219-1,UZUNLUK 5 MT,"220,000",KDV (%18),154
9419,SENCAN IC MEKAN YILBASI LEDI SNC-220-2,SNC-220-2,UZUNLUK 10 MT LED 100 LED,"75,000",KDV (%18),154
9420,SENCAN LED AYDINLATMA SNC-220-1 L,SNC-220-1L,UZUNLUK 50 MT LED 240 LED HAREKET ANIMASYONLU KABLO ŞEFFAF,0.0000,KDV (%18),
9421,SENCAN IC MEKAN YILBASI LEDI SNC-220-1-1,SNC-220-1-1,UZUNLUK 50 MT,"290,000",KDV (%18),154
9422,SENCAN IC MEKAN YILBASI LEDI SNC-301-1,SNC-301-1,UZUNLUK 3 | 5 MT LED 100 FLAMANLI AMPUL HAREKET TWINKLY ANIMASYONLU KABLO ŞEFFAF - SIYAH,"50,000",KDV (%18),154
9423,SENCAN IC MEKAN YILBASI LEDI SNC-302-1,SNC-302-1,UZUNLUK 5MT,"60,000",KDV (%18),154
9424,SENCAN IC MEKAN YILBASI LEDI SNC-303-1,SNC-303-1,UZUNLUK 3,"50,000",KDV (%18),154
9425,SENCAN PILLI YILBASI LEDI SNC-304,SNC-304,SNC-304,"14,000",KDV (%18),155
9426,SENCAN PILLI YILBASI LEDI SNC-305,SNC-305,SNC-305,"30,000",KDV (%18),155
9427,SENCAN PILLI YILBASI LEDI SNC-307-1,SNC-307-1,UZUNLUK 3 METRELED 20LED - TOP HAREKET SABIT,"55,000",KDV (%18),155
9428,SENCAN PILLI YILBASI LEDI SNC-308,SNC-308,2 MT,"90,000",KDV (%18),155
9429,SENCAN PILLI YILBASI LEDI SNC-309,SNC-309,ÜRÜN AÇIKLAMASI YAKINDA EKLENECEKTIR,"55,000",KDV (%18),155
9430,SENCAN PILLI YILBASI LEDI SNC-312-1,SNC-312-1,UZUNLUK 2*2 MT,0.0000,KDV (%18),155
9431,SENCAN PILLI YILBASI LEDI SNC-310,SNC-310,ÜRÜN AÇIKLAMASI YAKINDA EKLENECEKTIR,"55,000",KDV (%18),155
9432,SENCAN PILLI YILBASI LEDI SNC-311,SNC-311,ÜRÜN AÇIKLAMASI YAKINDA EKLENECEKTIR,"67,000",KDV (%18),155
9433,SENCAN PILLI YILBASI LEDI SNC-312,SNC-312,ÜRÜN AÇIKLAMASI YAKINDA EKLENECEKTIR,"55,000",KDV (%18),155
9434,SENCAN PILLI YILBASI LEDI SNC-313,SNC-313,ÜRÜN AÇIKLAMASI YAKINDA EKLENECEKTIR,"210,000",KDV (%18),155
9435,SENCAN SOLAR BAHCE AYDINLATMASI SNC-314,SNC-314,ÜRÜN AÇIKLAMASI YAKINDA EKLENECEKTIR,"200,000",KDV (%18),186
9436,SENCAN SOLAR BAHCE AYDINLATMASI SNC-314-1,SNC-314-1,ÜRÜN AÇIKLAMASI YAKINDA EKLENECEKTIR,"190,000",KDV (%18),185
9437,SENCAN SOLAR BAHCE AYDINLATMASI SNC-315,SNC-315,ÜRÜN AÇIKLAMASI YAKINDA EKLENECEKTIR,"190,000",KDV (%18),185
9438,SENCAN SOLAR BAHCE AYDINLATMASI SNC-315-1,SNC-315-1,ÜRÜN AÇIKLAMASI YAKINDA EKLENECEKTIR,"125,000",KDV (%18),185
9439,SENCAN SOLAR BAHCE AYDINLATMASI SNC-316,SNC-316,ÜRÜN AÇIKLAMASI YAKINDA EKLENECEKTIR,"190,000",KDV (%18),185
9440,SENCAN SOLAR BAHCE AYDINLATMASI SNC-316-1,SNC-316-1,ÜRÜN AÇIKLAMASI YAKINDA EKLENECEKTIR,"190,000",KDV (%18),185
9441,SENCAN SOLAR BAHCE AYDINLATMASI SNC-317,SNC-317,ÜRÜN AÇIKLAMASI YAKINDA EKLENECEKTIR,"165,000",KDV (%18),"155, 185"
9442,SENCAN SOLAR BAHCE AYDINLATMASI SNC-317-1,SNC-317-1,ÜRÜN AÇIKLAMASI YAKINDA EKLENECEKTIR,"190,000",KDV (%18),185
9443,SENCAN SOLAR BAHCE AYDINLATMASI SNC-318,SNC-318,ÜRÜN AÇIKLAMASI YAKINDA EKLENECEKTIR,"190,000",KDV (%18),185
9444,SENCAN SOLAR BAHCE AYDINLATMASI SNC-318-1,SNC-318-1,ÜRÜN AÇIKLAMASI YAKINDA EKLENECEKTIR,"190,000",KDV (%18),185
9445,SENCAN SOLAR BAHCE AYDINLATMASI SNC-319,SNC-319,ÜRÜN AÇIKLAMASI YAKINDA EKLENECEKTIR,"200,000",KDV (%18),185
9446,SENCAN SOLAR BAHCE AYDINLATMASI SNC-320,SNC-320,ÜRÜN AÇIKLAMASI YAKINDA EKLENECEKTIR,"200,000",KDV (%18),185
9447,SENCAN IC MEKAN YILBASI LEDI SNC-401,SNC-401,ÜRÜN AÇIKLAMASI YAKINDA EKLENECEKTIR,"200,000",KDV (%18),154
9448,SENCAN IC MEKAN YILBASI LEDI SNC-402,SNC-402,ÜRÜN AÇIKLAMASI YAKINDA EKLENECEKTIR,"210,000",KDV (%18),154
9449,SENCAN IC MEKAN YILBASI LEDI SNC-404,SNC-404,ÜRÜN AÇIKLAMASI YAKINDA EKLENECEKTIR,"390,000",KDV (%18),154
9450,SENCAN IC MEKAN YILBASI LEDI SNC-405,SNC-405,ÜRÜN AÇIKLAMASI YAKINDA EKLENECEKTIR,"260,000",KDV (%18),154
9451,SENCAN IC MEKAN AYDINLATMA SNC-405-1,SNC-405-1,ÜRÜN AÇIKLAMASI YAKINDA EKLENECEKTIR,"350,000",KDV (%18),65
9452,SENCAN IC MEKAN AYDINLATMA SNC-406,SNC-406,ÜRÜN AÇIKLAMASI YAKINDA EKLENECEKTIR,"210,000",KDV (%18),65
9453,SENCAN IC MEKAN YILBASI LEDI SNC-407,SNC-407,ÜRÜN AÇIKLAMASI YAKINDA EKLENECEKTIR,"220,000",KDV (%18),154
9454,SENCAN IC MEKAN YILBASI LEDI SNC-408,SNC-408,ÜRÜN AÇIKLAMASI YAKINDA EKLENECEKTIR,"270,000",KDV (%18),154
9455,SENCAN IC MEKAN YILBASI LEDI SNC-409,SNC-409,ÜRÜN AÇIKLAMASI YAKINDA EKLENECEKTIR,"400,000",KDV (%18),"65, 154"
9456,SENCAN IC MEKAN YILBASI LEDI SNC-410,SNC-410,ÜRÜN AÇIKLAMASI YAKINDA EKLENECEKTIR,"600,000",KDV (%18),154
9457,SENCAN IC MEKAN YILBASI LEDI SNC-410-1,SNC-410-1,ÜRÜN AÇIKLAMASI YAKINDA EKLENECEKTIR,"420,000",KDV (%18),154
9458,SENCAN IC MEKAN YILBASI LEDI SNC-410-2,SNC-410-2,ÜRÜN AÇIKLAMASI YAKINDA EKLENECEKTIR,"440,000",KDV (%18),154
9459,SENCAN IC MEKAN YILBASI LEDI SNC-411,SNC-411,ÜRÜN AÇIKLAMASI YAKINDA EKLENECEKTIR,"600,000",KDV (%18),154
9460,SENCAN IC MEKAN YILBASI LEDI SNC-412,SNC-412,ÜRÜN AÇIKLAMASI YAKINDA EKLENECEKTIR,"600,000",KDV (%18),154
9461,SENCAN IC MEKAN YILBASI LEDI SNC-413,SNC-413,ÜRÜN AÇIKLAMASI YAKINDA EKLENECEKTIR,"250,000",KDV (%18),154
9462,SENCAN IC MEKAN YILBASI LEDI SNC-413-1,SNC-413-1,ÜRÜN AÇIKLAMASI YAKINDA EKLENECEKTIR,"770,000",KDV (%18),154
9463,SENCAN IC MEKAN AYDINLATMA SNC-414,SNC-414,ÜRÜN AÇIKLAMASI YAKINDA EKLENECEKTIR,"390,000",KDV (%18),65
9464,SENCAN IC MEKAN YILBASI LEDI SNC-414-1,SNC-414-1,ÜRÜN AÇIKLAMASI YAKINDA EKLENECEKTIR,"320,000",KDV (%18),154
9465,SENCAN IC MEKAN YILBASI LEDI SNC-414-2,SNC-414-2,ÜRÜN AÇIKLAMASI YAKINDA EKLENECEKTIR,"1,150,000",KDV (%18),154
9466,SENCAN IC MEKAN YILBASI LEDI SNC-415,SNC-415,ÜRÜN AÇIKLAMASI YAKINDA EKLENECEKTIR,"410,000",KDV (%18),154
9467,SENCAN IC MEKAN YILBASI LEDI SNC-415-2,SNC-415-2,ÜRÜN AÇIKLAMASI YAKINDA EKLENECEKTIR,"300,000",KDV (%18),154
9468,SENCAN IC MEKAN YILBASI LEDI SNC-416,SNC-416,ÜRÜN AÇIKLAMASI YAKINDA EKLENECEKTIR,"350,000",KDV (%18),154
9469,SENCAN IC MEKAN YILBASI LEDI SNC-416-1,SNC-416-1,ÜRÜN AÇIKLAMASI YAKINDA EKLENECEKTIR,"1,900,000",KDV (%18),154
9470,SENCAN IC MEKAN YILBASI LEDI SNC-417,SNC-417,ÜRÜN AÇIKLAMASI YAKINDA EKLENECEKTIR,"175,000",KDV (%18),154
9471,SENCAN IC MEKAN AYDINLATMA SNC-417-1,SNC-417-1,ÜRÜN AÇIKLAMASI YAKINDA EKLENECEKTIR,"175,000",KDV (%18),65
9472,SENCAN IC MEKAN YILBASI LEDI SNC-418,SNC-418,ÜRÜN AÇIKLAMASI YAKINDA EKLENECEKTIR,"210,000",KDV (%18),154
9473,SENCAN IC MEKAN YILBASI LEDI SNC-418-1,SNC-418-1,ÜRÜN AÇIKLAMASI YAKINDA EKLENECEKTIR,"210,000",KDV (%18),154
9474,SENCAN IC MEKAN YILBASI LEDI SNC-419,SNC-419,ÜRÜN AÇIKLAMASI YAKINDA EKLENECEKTIR,"235,000",KDV (%18),154
9475,SENCAN IC MEKAN YILBASI LEDI SNC-419-1-1,SNC-419-1-1,ÜRÜN AÇIKLAMASI YAKINDA EKLENECEKTIR,"235,000",KDV (%18),154
9476,SENCAN IC MEKAN YILBASI LEDI SNC-420,SNC-420,ÜRÜN AÇIKLAMASI YAKINDA EKLENECEKTIR,"250,000",KDV (%18),154
9477,SENCAN IC MEKAN YILBASI LEDI SNC-420-1,SNC-420-1,ÜRÜN AÇIKLAMASI YAKINDA EKLENECEKTIR,"250,000",KDV (%18),154
9478,SENCAN DIS MEKAN YILBASI LEDI SNC-501,SNC-501,ÜRÜN AÇIKLAMASI YAKINDA EKLENECEKTIR,"620,000",KDV (%18),156
9479,SENCAN DIS MEKAN YILBASI LEDI SNC-501-1,SNC-501-1,ÜRÜN AÇIKLAMASI YAKINDA EKLENECEKTIR,"640,000",KDV (%18),156
9480,SENCAN DIS MEKAN YILBASI LEDI SNC-502,SNC-502,ÜRÜN AÇIKLAMASI YAKINDA EKLENECEKTIR,"630,000",KDV (%18),156
9481,SENCAN DIS MEKAN YILBASI LEDI SNC-502-1,SNC-502-1,ÜRÜN AÇIKLAMASI YAKINDA EKLENECEKTIR,"660,000",KDV (%18),156
9482,SENCAN DIS MEKAN YILBASI LEDI SNC-502-2,SNC-502-2,ÜRÜN AÇIKLAMASI YAKINDA EKLENECEKTIR,"650,000",KDV (%18),156
9483,SENCAN DIS MEKAN YILBASI LEDI SNC-503,SNC-503,ÜRÜN AÇIKLAMASI YAKINDA EKLENECEKTIR,"1,100,000",KDV (%18),156
9484,SENCAN DIS MEKAN YILBASI LEDI SNC-504,SNC-504,ÜRÜN AÇIKLAMASI YAKINDA EKLENECEKTIR,"390,000",KDV (%18),156
9485,SENCAN DIS MEKAN YILBASI LEDI SNC-505,SNC-505,ÜRÜN AÇIKLAMASI YAKINDA EKLENECEKTIR,"440,000",KDV (%18),156
9486,SENCAN DIS MEKAN YILBASI LEDI SNC-506,SNC-506,ÜRÜN AÇIKLAMASI YAKINDA EKLENECEKTIR,"350,000",KDV (%18),156
9487,SENCAN DIS MEKAN YILBASI LEDI SNC-506-1,SNC-506-1,ÜRÜN AÇIKLAMASI YAKINDA EKLENECEKTIR,"560,000",KDV (%18),156
9488,SENCAN DIS MEKAN YILBASI LEDI SNC-506-2,SNC-506-2,ÜRÜN AÇIKLAMASI YAKINDA EKLENECEKTIR,"530,000",KDV (%18),156
9489,SENCAN DIS MEKAN YILBASI LEDI SNC-506-3,SNC-506-3,ÜRÜN AÇIKLAMASI YAKINDA EKLENECEKTIR,"550,000",KDV (%18),156
9490,SENCAN DIS MEKAN YILBASI LEDI SNC-507,SNC-507,ÜRÜN AÇIKLAMASI YAKINDA EKLENECEKTIR,"350,000",KDV (%18),156
9491,SENCAN DIS MEKAN YILBASI LEDI SNC-507-1,SNC-507-1,ÜRÜN AÇIKLAMASI YAKINDA EKLENECEKTIR,"460,000",KDV (%18),156
9492,SENCAN IC MEKAN YILBASI LEDI SNC-508,SNC-508,ÜRÜN AÇIKLAMASI YAKINDA EKLENECEKTIR,"380,000",KDV (%18),154
9493,SENCAN DIS MEKAN YILBASI LEDI SNC-509,SNC-509,ÜRÜN AÇIKLAMASI YAKINDA EKLENECEKTIR,"370,000",KDV (%18),156
9494,SENCAN DIS MEKAN YILBASI LEDI SNC-509-1,SNC-509-1,ÜRÜN AÇIKLAMASI YAKINDA EKLENECEKTIR,"470,000",KDV (%18),156
9495,SENCAN DIS MEKAN YILBASI LEDI SNC-510,SNC-510,ÜRÜN AÇIKLAMASI YAKINDA EKLENECEKTIR,"370,000",KDV (%18),156
9496,SENCAN DIS MEKAN YILBASI LEDI SNC-511,SNC-511,ÜRÜN AÇIKLAMASI YAKINDA EKLENECEKTIR,"420,000",KDV (%18),156
9497,SENCAN DIS MEKAN YILBASI LEDI SNC-512,SNC-512,ÜRÜN AÇIKLAMASI YAKINDA EKLENECEKTIR,"530,000",KDV (%18),156
9498,SENCAN DIS MEKAN YILBASI LEDI SNC-512-1,SNC-512-1,ÜRÜN AÇIKLAMASI YAKINDA EKLENECEKTIR,"430,000",KDV (%18),156
9499,SENCAN DIS MEKAN YILBASI LEDI SNC-513,SNC-513,ÜRÜN AÇIKLAMASI YAKINDA EKLENECEKTIR,"540,000",KDV (%18),156
9500,SENCAN DIS MEKAN YILBASI LEDI SNC-513-1,SNC-513-1,ÜRÜN AÇIKLAMASI YAKINDA EKLENECEKTIR,"540,000",KDV (%18),156
9501,SENCAN DIS MEKAN YILBASI LEDI SNC-515-1,SNC-515-1,ÜRÜN AÇIKLAMASI YAKINDA EKLENECEKTIR,"560,000",KDV (%18),156
9502,SENCAN DIS MEKAN YILBASI LEDI SNC-516,SNC-516,ÜRÜN AÇIKLAMASI YAKINDA EKLENECEKTIR,"580,000",KDV (%18),156
9503,SENCAN DIS MEKAN YILBASI LEDI SNC-517,SNC-517,ÜRÜN AÇIKLAMASI YAKINDA EKLENECEKTIR,"560,000",KDV (%18),156
9504,SENCAN DIS MEKAN YILBASI LEDI SNC-517-1,SNC-517-1,ÜRÜN AÇIKLAMASI YAKINDA EKLENECEKTIR,"600,000",KDV (%18),156
9505,SENCAN DIS MEKAN YILBASI LEDI SNC-517-2,SNC-517-2,ÜRÜN AÇIKLAMASI YAKINDA EKLENECEKTIR,"580,000",KDV (%18),156
9506,SENCAN DIS MEKAN YILBASI LEDI SNC-518,SNC-518,ÜRÜN AÇIKLAMASI YAKINDA EKLENECEKTIR,"830,000",KDV (%18),156
9507,SENCAN DIS MEKAN YILBASI LEDI SNC-519,SNC-519,ÜRÜN AÇIKLAMASI YAKINDA EKLENECEKTIR,"930,000",KDV (%18),156
9508,SENCAN DIS MEKAN YILBASI LEDI SNC-520,SNC-520,ÜRÜN AÇIKLAMASI YAKINDA EKLENECEKTIR,"1,000,000",KDV (%18),156
9509,SENCAN DIS MEKAN YILBASI LEDI SNC-601,SNC-601,ÜRÜN AÇIKLAMASI YAKINDA EKLENECEKTIR,"1,200,000",KDV (%18),156
9510,SENCAN DIS MEKAN YILBASI LEDI SNC-602,SNC-602,ÜRÜN AÇIKLAMASI YAKINDA EKLENECEKTIR,"1,240,000",KDV (%18),156
9511,SENCAN DIS MEKAN YILBASI LEDI SNC-603,SNC-603,ÜRÜN AÇIKLAMASI YAKINDA EKLENECEKTIR,"1,240,000",KDV (%18),156
9512,SENCAN DIS MEKAN YILBASI LEDI SNC-604,SNC-604,ÜRÜN AÇIKLAMASI YAKINDA EKLENECEKTIR,"2,030,000",KDV (%18),156
9513,SENCAN DIS MEKAN YILBASI LEDI SNC-604-1,SNC-604-1,ÜRÜN AÇIKLAMASI YAKINDA EKLENECEKTIR,"2,000,000",KDV (%18),156
9514,SENCAN DIS MEKAN YILBASI LEDI SNC-605,SNC-605,ÜRÜN AÇIKLAMASI YAKINDA EKLENECEKTIR,"2,000,000",KDV (%18),156
9515,SENCAN DIS MEKAN YILBASI LEDI SNC-605-1,SNC-605-1,ÜRÜN AÇIKLAMASI YAKINDA EKLENECEKTIR,"2,030,000",KDV (%18),156
9516,SENCAN DIS MEKAN YILBASI LEDI SNC-606,SNC-606,ÜRÜN AÇIKLAMASI YAKINDA EKLENECEKTIR,"3,600,000",KDV (%18),156
9517,SENCAN DIS MEKAN YILBASI LEDI SNC-607,SNC-607,ÜRÜN AÇIKLAMASI YAKINDA EKLENECEKTIR,"4,500,000",KDV (%18),156
9518,SENCAN DIS MEKAN YILBASI LEDI SNC-608,SNC-608,ÜRÜN AÇIKLAMASI YAKINDA EKLENECEKTIR,"6,000,000",KDV (%18),156
9519,SENCAN IC MEKAN YILBASI LEDI SNC-609,SNC-609,ÜRÜN AÇIKLAMASI YAKINDA EKLENECEKTIR,"270,000",KDV (%18),154
9520,SENCAN IC MEKAN YILBASI LEDI SNC-609-1,SNC-609-1,ÜRÜN AÇIKLAMASI YAKINDA EKLENECEKTIR,"270,000",KDV (%18),154
9521,SENCAN IC MEKAN YILBASI LEDI SNC-609-2,SNC-609-2,ÜRÜN AÇIKLAMASI YAKINDA EKLENECEKTIR,"270,000",KDV (%18),154
9522,SENCAN IC MEKAN YILBASI LEDI SNC-610,SNC-610,ÜRÜN AÇIKLAMASI YAKINDA EKLENECEKTIR,"200,000",KDV (%18),154
9523,SENCAN IC MEKAN YILBASI LEDI SNC-610-1,SNC-610-1,ÜRÜN AÇIKLAMASI YAKINDA EKLENECEKTIR,"600,000",KDV (%18),154
9524,SENCAN IC MEKAN YILBASI LEDI SNC-611,SNC-611,ÜRÜN AÇIKLAMASI YAKINDA EKLENECEKTIR,"200,000",KDV (%18),154
9525,SENCAN IC MEKAN YILBASI LEDI SNC-612,SNC-612,ÜRÜN AÇIKLAMASI YAKINDA EKLENECEKTIR,"240,000",KDV (%18),154
9526,SENCAN IC MEKAN YILBASI LEDI SNC-613,SNC-613,ÜRÜN AÇIKLAMASI YAKINDA EKLENECEKTIR,"200,000",KDV (%18),154
9527,SENCAN IC MEKAN YILBASI LEDI SNC-613-1,SNC-613-1,ÜRÜN AÇIKLAMASI YAKINDA EKLENECEKTIR,"600,000",KDV (%18),154
9528,SENCAN IC MEKAN YILBASI LEDI SNC-614,SNC-614,ÜRÜN AÇIKLAMASI YAKINDA EKLENECEKTIR,"200,000",KDV (%18),154
9529,SENCAN IC MEKAN YILBASI LEDI SNC-614-1,SNC-614-1,ÜRÜN AÇIKLAMASI YAKINDA EKLENECEKTIR,"600,000",KDV (%18),154
9530,SENCAN IC MEKAN YILBASI LEDI SNC-615,SNC-615,ÜRÜN AÇIKLAMASI YAKINDA EKLENECEKTIR,"200,000",KDV (%18),154
9531,SENCAN IC MEKAN YILBASI LEDI SNC-615-1,SNC-615-1,ÜRÜN AÇIKLAMASI YAKINDA EKLENECEKTIR,"600,000",KDV (%18),154
9532,SENCAN IC MEKAN YILBASI LEDI SNC-616,SNC-616,ÜRÜN AÇIKLAMASI YAKINDA EKLENECEKTIR,"250,000",KDV (%18),154
9533,SENCAN IC MEKAN YILBASI LEDI SNC-617,SNC-617,ÜRÜN AÇIKLAMASI YAKINDA EKLENECEKTIR,"250,000",KDV (%18),154
9534,SENCAN IC MEKAN YILBASI LEDI SNC-618,SNC-618,ÜRÜN AÇIKLAMASI YAKINDA EKLENECEKTIR,"250,000",KDV (%18),154
9535,SENCAN IC MEKAN YILBASI LEDI SNC-619,SNC-619,ÜRÜN AÇIKLAMASI YAKINDA EKLENECEKTIR,"250,000",KDV (%18),154
9536,SENCAN IC MEKAN YILBASI LEDI SNC-620,SNC-620,ÜRÜN AÇIKLAMASI YAKINDA EKLENECEKTIR,"250,000",KDV (%18),154
9537,SENCAN IC MEKAN YILBASI LEDI SNC-621,SNC-621,ÜRÜN AÇIKLAMASI YAKINDA EKLENECEKTIR,0.0000,KDV (%18),154
9538,SENCAN IC MEKAN YILBASI LEDI SNC-622,SNC-622,ÜRÜN AÇIKLAMASI YAKINDA EKLENECEKTIR,"250,000",KDV (%18),154
9539,SENCAN IC MEKAN YILBASI LEDI SNC-623,SNC-623,ÜRÜN AÇIKLAMASI YAKINDA EKLENECEKTIR,"250,000",KDV (%18),154
9540,SENCAN IC MEKAN YILBASI LEDI SNC-624,SNC-624,ÜRÜN AÇIKLAMASI YAKINDA EKLENECEKTIR,"250,000",KDV (%18),154
9541,SENCAN IC MEKAN YILBASI LEDI SNC-625,SNC-625,ÜRÜN AÇIKLAMASI YAKINDA EKLENECEKTIR,"250,000",KDV (%18),154
9542,SENCAN IC MEKAN YILBASI LEDI SNC-626,SNC-626,ÜRÜN AÇIKLAMASI YAKINDA EKLENECEKTIR,"250,000",KDV (%18),154
9543,SENCAN IC MEKAN YILBASI LEDI SNC-627,SNC-627,ÜRÜN AÇIKLAMASI YAKINDA EKLENECEKTIR,"250,000",KDV (%18),154
9544,SENCAN IC MEKAN YILBASI LEDI SNC-628,SNC-628,ÜRÜN AÇIKLAMASI YAKINDA EKLENECEKTIR,"250,000",KDV (%18),154
9545,SENCAN IC MEKAN YILBASI LEDI SNC-629,SNC-629,ÜRÜN AÇIKLAMASI YAKINDA EKLENECEKTIR,"250,000",KDV (%18),154
9546,SENCAN IC MEKAN YILBASI LEDI SNC-630,SNC-630,ÜRÜN AÇIKLAMASI YAKINDA EKLENECEKTIR,"690,000",KDV (%18),154
9547,SENCAN IC MEKAN YILBASI LEDI SNC-631,SNC-631,MAGIC 60 $,"400,000",KDV (%18),154
9548,SENCAN IC MEKAN YILBASI LEDI SNC-631-1,SNC-631-1,ÜRÜN AÇIKLAMASI YAKINDA EKLENECEKTIR,"630,000",KDV (%18),154
9549,SENCAN IC MEKAN YILBASI LEDI SNC-632,SNC-632,MAGIC = 73$,"600,000",KDV (%18),154
9550,SENCAN IC MEKAN YILBASI LEDI SNC-633,SNC-633,ÜRÜN AÇIKLAMASI YAKINDA EKLENECEKTIR,"690,000",KDV (%18),154
9551,SENCAN IC MEKAN YILBASI LEDI SNC-633-1,SNC-633-1,ÜRÜN AÇIKLAMASI YAKINDA EKLENECEKTIR,"520,000",KDV (%18),154
9552,SENCAN IC MEKAN YILBASI LEDI SNC-634,SNC-634,ÜRÜN AÇIKLAMASI YAKINDA EKLENECEKTIR,"690,000",KDV (%18),154
9553,SENCAN DIS MEKAN YILBASI LEDI SNC-634-1,SNC-634-1,ÜRÜN AÇIKLAMASI YAKINDA EKLENECEKTIR,"1,500,000",KDV (%18),156
9554,SENCAN IC MEKAN YILBASI LEDI SNC-635,SNC-635,ÜRÜN AÇIKLAMASI YAKINDA EKLENECEKTIR,"175,000",KDV (%18),154
9555,SENCAN IC MEKAN YILBASI LEDI SNC-636,SNC-636,ÜRÜN AÇIKLAMASI YAKINDA EKLENECEKTIR,"210,000",KDV (%18),154
9556,SENCAN IC MEKAN YILBASI LEDI SNC-637,SNC-637,ÜRÜN AÇIKLAMASI YAKINDA EKLENECEKTIR,"230,000",KDV (%18),154
9557,SENCAN IC MEKAN YILBASI LEDI SNC-638,SNC-638,ÜRÜN AÇIKLAMASI YAKINDA EKLENECEKTIR,"250,000",KDV (%18),154
9558,SENCAN IC MEKAN YILBASI LEDI SNC-701,SNC-701,ÜRÜN AÇIKLAMASI YAKINDA EKLENECEKTIR,"260,000",KDV (%18),154
9559,SENCAN IC MEKAN YILBASI LEDI SNC-702,SNC-702,ÜRÜN AÇIKLAMASI YAKINDA EKLENECEKTIR,"260,000",KDV (%18),154
9560,SENCAN IC MEKAN YILBASI LEDI SNC-703,SNC-703,ÜRÜN AÇIKLAMASI YAKINDA EKLENECEKTIR,"260,000",KDV (%18),154
9561,SENCAN IC MEKAN YILBASI LEDI SNC-704,SNC-704,ÜRÜN AÇIKLAMASI YAKINDA EKLENECEKTIR,"260,000",KDV (%18),154
9562,SENCAN IC MEKAN YILBASI LEDI SNC-705,SNC-705,ÜRÜN AÇIKLAMASI YAKINDA EKLENECEKTIR,"260,000",KDV (%18),154
9563,SENCAN IC MEKAN YILBASI LEDI SNC-706,SNC-706,ÜRÜN AÇIKLAMASI YAKINDA EKLENECEKTIR,"260,000",KDV (%18),154
9564,SENCAN IC MEKAN YILBASI LEDI SNC-707,SNC-707,ÜRÜN AÇIKLAMASI YAKINDA EKLENECEKTIR,"260,000",KDV (%18),154
9565,SENCAN IC MEKAN YILBASI LEDI SNC-708,SNC-708,ÜRÜN AÇIKLAMASI YAKINDA EKLENECEKTIR,"260,000",KDV (%18),154
9566,SENCAN IC MEKAN YILBASI LEDI SNC-709,SNC-709,ÜRÜN AÇIKLAMASI YAKINDA EKLENECEKTIR,"260,000",KDV (%18),154
9567,SENCAN IC MEKAN YILBASI LEDI SNC-709-1,SNC-709-1,ÜRÜN AÇIKLAMASI YAKINDA EKLENECEKTIR,"210,000",KDV (%18),154
9568,SENCAN IC MEKAN YILBASI LEDI SNC-709-2,SNC-709-2,ÜRÜN AÇIKLAMASI YAKINDA EKLENECEKTIR,"210,000",KDV (%18),154
9569,SENCAN IC MEKAN YILBASI LEDI SNC-709-3,SNC-709-3,ÜRÜN AÇIKLAMASI YAKINDA EKLENECEKTIR,"210,000",KDV (%18),154
9570,SENCAN IC MEKAN YILBASI LEDI SNC-709-4,SNC-709-4,ÜRÜN AÇIKLAMASI YAKINDA EKLENECEKTIR,"210,000",KDV (%18),154
9571,SENCAN IC MEKAN YILBASI LEDI SNC-709-5,SNC-709-5,ÜRÜN AÇIKLAMASI YAKINDA EKLENECEKTIR,"210,000",KDV (%18),154
9572,SENCAN IC MEKAN YILBASI LEDI SNC-710,SNC-710,ÜRÜN AÇIKLAMASI YAKINDA EKLENECEKTIR,"250,000",KDV (%18),154
9573,SENCAN IC MEKAN YILBASI LEDI SNC-710-1,SNC-710-1,ÜRÜN AÇIKLAMASI YAKINDA EKLENECEKTIR,"250,000",KDV (%18),154
9574,SENCAN IC MEKAN YILBASI LEDI SNC-710-2,SNC-710-2,ÜRÜN AÇIKLAMASI YAKINDA EKLENECEKTIR,"250,000",KDV (%18),154
9575,SENCAN IC MEKAN YILBASI LEDI SNC-710-3,SNC-710-3,ÜRÜN AÇIKLAMASI YAKINDA EKLENECEKTIR,"250,000",KDV (%18),154
9576,SENCAN IC MEKAN YILBASI LEDI SNC-710-4,SNC-710-4,ÜRÜN AÇIKLAMASI YAKINDA EKLENECEKTIR,"250,000",KDV (%18),154
9577,SENCAN IC MEKAN YILBASI LEDI SNC-710-5,SNC-710-5,ÜRÜN AÇIKLAMASI YAKINDA EKLENECEKTIR,"250,000",KDV (%18),154
9578,SENCAN IC MEKAN YILBASI LEDI SNC-711,SNC-711,ÜRÜN AÇIKLAMASI YAKINDA EKLENECEKTIR,"340,000",KDV (%18),154
9579,SENCAN IC MEKAN YILBASI LEDI SNC-711-1,SNC-711-1,ÜRÜN AÇIKLAMASI YAKINDA EKLENECEKTIR,"220,000",KDV (%18),154
9580,SENCAN IC MEKAN YILBASI LEDI SNC-711-2,SNC-711-2,ÜRÜN AÇIKLAMASI YAKINDA EKLENECEKTIR,"270,000",KDV (%18),154
9581,SENCAN IC MEKAN YILBASI LEDI SNC-711-3,SNC-711-3,ÜRÜN AÇIKLAMASI YAKINDA EKLENECEKTIR,"270,000",KDV (%18),154
9582,SENCAN IC MEKAN YILBASI LEDI SNC-711-4,SNC-711-4,ÜRÜN AÇIKLAMASI YAKINDA EKLENECEKTIR,"350,000",KDV (%18),154
9583,SENCAN IC MEKAN YILBASI LEDI SNC-712,SNC-712,ÜRÜN AÇIKLAMASI YAKINDA EKLENECEKTIR,"600,000",KDV (%18),154
9584,SENCAN IC MEKAN YILBASI LEDI SNC-713,SNC-713,ÜRÜN AÇIKLAMASI YAKINDA EKLENECEKTIR,"600,000",KDV (%18),154
9585,SENCAN IC MEKAN YILBASI LEDI SNC-714,SNC-714,ÜRÜN AÇIKLAMASI YAKINDA EKLENECEKTIR,"600,000",KDV (%18),154
9586,SENCAN IC MEKAN YILBASI LEDI SNC-714-1,SNC-714-1,ÜRÜN AÇIKLAMASI YAKINDA EKLENECEKTIR,"600,000",KDV (%18),154
9587,SENCAN IC MEKAN YILBASI LEDI SNC-715,SNC-715,ÜRÜN AÇIKLAMASI YAKINDA EKLENECEKTIR,"600,000",KDV (%18),154
9588,SENCAN DIS MEKAN YILBASI LEDI SNC-715-1,SNC-715-1,ÜRÜN AÇIKLAMASI YAKINDA EKLENECEKTIR,"300,000",KDV (%18),156
9589,SENCAN DIS MEKAN YILBASI LEDI SNC-715-2-30,SNC-715-2-30,ÜRÜN AÇIKLAMASI YAKINDA EKLENECEKTIR,"100,000",KDV (%18),156
9590,SENCAN DIS MEKAN YILBASI LEDI SNC-715-2-50,SNC-715-2-50,ÜRÜN AÇIKLAMASI YAKINDA EKLENECEKTIR,"130,000",KDV (%18),156
9591,SENCAN DIS MEKAN YILBASI LEDI SNC-715-2-80,SNC-715-2-80,ÜRÜN AÇIKLAMASI YAKINDA EKLENECEKTIR,"170,000",KDV (%18),156
9592,SENCAN DIS MEKAN YILBASI LEDI SNC-715-2-130,SNC-715-2-130,ÜRÜN AÇIKLAMASI YAKINDA EKLENECEKTIR,"220,000",KDV (%18),156
9593,SENCAN DIS MEKAN YILBASI LEDI SNC-716,SNC-716,ÜRÜN AÇIKLAMASI YAKINDA EKLENECEKTIR,"390,000",KDV (%18),156
9594,SENCAN IC MEKAN YILBASI LEDI SNC-717,SNC-717,ÜRÜN AÇIKLAMASI YAKINDA EKLENECEKTIR,"210,000",KDV (%18),154
9595,SENCAN IC MEKAN YILBASI LEDI SNC-718,SNC-718,ÜRÜN AÇIKLAMASI YAKINDA EKLENECEKTIR,"250,000",KDV (%18),154
9596,SENCAN DIS MEKAN YILBASI LEDI SNC-718-1,SNC-718-1,ÜRÜN AÇIKLAMASI YAKINDA EKLENECEKTIR,"340,000",KDV (%18),156
9597,SENCAN DIS MEKAN YILBASI LEDI SNC-719,SNC-719,5 METRE 10 DUY = 28$,"190,000",KDV (%18),156
9598,SENCAN DIS MEKAN YILBASI LEDI SNC-719-1,SNC-719-1,ÜRÜN AÇIKLAMASI YAKINDA EKLENECEKTIR,"430,000",KDV (%18),156
9599,SENCAN DIS MEKAN YILBASI LEDI SNC-719-2,SNC-719-2,ÜRÜN AÇIKLAMASI YAKINDA EKLENECEKTIR,"460,000",KDV (%18),156
9600,SENCAN DIS MEKAN YILBASI LEDI SNC-720,SNC-720,10 METRE 20 DUY = 42 $,"190,000",KDV (%18),156
9601,SENCAN DIS MEKAN YILBASI LEDI SNC-720-1,SNC-720-1,ÜRÜN AÇIKLAMASI YAKINDA EKLENECEKTIR,"590,000",KDV (%18),156
9602,SENCAN DIS MEKAN YILBASI LEDI SNC-720-2,SNC-720-2,ÜRÜN AÇIKLAMASI YAKINDA EKLENECEKTIR,"480,000",KDV (%18),156
9603,SENCAN DIS MEKAN YILBASI LEDI SNC-801,SNC-801,35 * 35 CM = 53 $,0.0000,KDV (%18),156
9604,SENCAN DIS MEKAN YILBASI LEDI SNC-801-1,SNC-801-1,30 * 30 = 20 $,0.0000,KDV (%18),156
9605,SENCAN DIS MEKAN YILBASI LEDI SNC-802,SNC-802,35 * 35 = 44 $50 * 50 =57 $65 * 65 = 81 $95 * 95 = 125 $,0.0000,KDV (%18),156
9606,SENCAN DIS MEKAN YILBASI LEDI SNC-802-1,SNC-802-1,35 * 35 = 53 $,0.0000,KDV (%18),156
9607,SENCAN DIS MEKAN YILBASI LEDI SNC-803,SNC-803,45 * 45 = 160 $80 * 80 = 175 $,0.0000,KDV (%18),156
9608,SENCAN DIS MEKAN YILBASI LEDI SNC-803-1,SNC-803-1,45 * 45 = 170 $80 * 80 = 190 $,0.0000,KDV (%18),156
9609,SENCAN DIS MEKAN AYDINLATMA SNC-804,SNC-804,45 * 35 = 45 $65 * 50 = 65 $,0.0000,KDV (%18),70
9610,SENCAN DIS MEKAN YILBASI LEDI SNC-804-1,SNC-804-1,45 * 35 = 48 $65 * 50 = 72 $85 * 65 = 85 $120 * 85 = 113 $,0.0000,KDV (%18),156
9611,SENCAN DIS MEKAN YILBASI LEDI SNC-805,SNC-805,30 * 20 = 17 $60 * 40 = 31 $,0.0000,KDV (%18),156
9612,SENCAN DIS MEKAN YILBASI LEDI SNC-805-1,SNC-805-1,30 * 20 = 19 $60 * 40 = 37 $,0.0000,KDV (%18),156
9613,SENCAN DIS MEKAN YILBASI LEDI SNC-806,SNC-806,ÜRÜN AÇIKLAMASI YAKINDA EKLENECEKTIR,"2,150,000",KDV (%18),156
9614,SENCAN DIS MEKAN YILBASI LEDI SNC-806-1,SNC-806-1,ÜRÜN AÇIKLAMASI YAKINDA EKLENECEKTIR,"2,250,000",KDV (%18),156
9615,SENCAN DIS MEKAN YILBASI LEDI SNC-807,SNC-807,85 * 42 = 53 $,"270,000",KDV (%18),156
9616,SENCAN DIS MEKAN YILBASI LEDI SNC-807-1,SNC-807-1,85 * 42 = 65 $,"350,000",KDV (%18),156
9617,SENCAN DIS MEKAN YILBASI LEDI SNC-808,SNC-808,83 * 68 = 65 $,"440,000",KDV (%18),156
9618,SENCAN DIS MEKAN YILBASI LEDI SNC-808-1,SNC-808-1,83 * 68 = 72 $,"500,000",KDV (%18),156
9619,SENCAN DIS MEKAN YILBASI LEDI SNC-809,SNC-809,74 * 53,"650,000",KDV (%18),156
9620,SENCAN DIS MEKAN YILBASI LEDI SNC-809-1,SNC-809-1,80 * 45 = 64 $,"350,000",KDV (%18),156
9621,SENCAN DIS MEKAN YILBASI LEDI SNC-809-2,SNC-809-2,ÜRÜN AÇIKLAMASI YAKINDA EKLENECEKTIR,"350,000",KDV (%18),156
9622,SENCAN DIS MEKAN YILBASI LEDI SNC-809-3,SNC-809-3,80 * 45 = 93 $,"750,000",KDV (%18),156
9623,SENCAN DIS MEKAN YILBASI LEDI SNC-809-4,SNC-809-4,80 * 45 = 95 $,"770,000",KDV (%18),156
9624,SENCAN DIS MEKAN YILBASI LEDI SNC-810,SNC-810,75 * 61 NEON = 75 $,"650,000",KDV (%18),156
9625,SENCAN DIS MEKAN YILBASI LEDI SNC-811,SNC-811,61 * 46 NEON = 75 $,"650,000",KDV (%18),156
9626,SENCAN DIS MEKAN YILBASI LEDI SNC-811-1,SNC-811-1,83 * 71,"1,220,000",KDV (%18),156
9627,SENCAN DIS MEKAN YILBASI LEDI SNC-811-2,SNC-811-2,83 * 71 NEON = 235 $,"2,200,000",KDV (%18),156
9628,SENCAN DIS MEKAN YILBASI LEDI SNC-812,SNC-812,71 * 55,"650,000",KDV (%18),156
9629,SENCAN DIS MEKAN YILBASI LEDI SNC-812-1,SNC-812-1,ÜRÜN AÇIKLAMASI YAKINDA EKLENECEKTIR,"200,000",KDV (%18),156
9630,SENCAN DIS MEKAN YILBASI LEDI SNC-812-2,SNC-812-2,ÜRÜN AÇIKLAMASI YAKINDA EKLENECEKTIR,"200,000",KDV (%18),156
9631,SENCAN DIS MEKAN YILBASI LEDI SNC-812-3,SNC-812-3,ÜRÜN AÇIKLAMASI YAKINDA EKLENECEKTIR,"300,000",KDV (%18),156
9632,SENCAN DIS MEKAN YILBASI LEDI SNC-813,SNC-813,110 * 30 NEON = 75 $,"650,000",KDV (%18),156
9633,SENCAN DIS MEKAN YILBASI LEDI SNC-813-1,SNC-813-1,ÜRÜN AÇIKLAMASI YAKINDA EKLENECEKTIR,"3,000,000",KDV (%18),156
9634,SENCAN DIS MEKAN YILBASI LEDI SNC-813-2,SNC-813-2,ÜRÜN AÇIKLAMASI YAKINDA EKLENECEKTIR,"3,700,000",KDV (%18),156
9635,SENCAN DIS MEKAN YILBASI LEDI SNC-814,SNC-814,60 * 60 = 30 $,"170,000",KDV (%18),156
9636,SENCAN DIS MEKAN YILBASI LEDI SNC-814-1,SNC-814-1,60 * 60 = 38 $,"200,000",KDV (%18),156
9637,SENCAN DIS MEKAN YILBASI LEDI SNC-815,SNC-815,ÜRÜN AÇIKLAMASI YAKINDA EKLENECEKTIR,"2,700,000",KDV (%18),156
9638,SENCAN DIS MEKAN YILBASI LEDI SNC-815-1,SNC-815-1,ÜRÜN AÇIKLAMASI YAKINDA EKLENECEKTIR,"600,000",KDV (%18),156
9639,SENCAN IC MEKAN YILBASI LEDI SNC-815-2,SNC-815-2,ÜRÜN AÇIKLAMASI YAKINDA EKLENECEKTIR,"600,000",KDV (%18),154
9640,SENCAN IC MEKAN YILBASI LEDI SNC-815-3,SNC-815-3,ÜRÜN AÇIKLAMASI YAKINDA EKLENECEKTIR,"600,000",KDV (%18),154
9641,SENCAN IC MEKAN YILBASI LEDI SNC-815-4,SNC-815-4,ÜRÜN AÇIKLAMASI YAKINDA EKLENECEKTIR,"600,000",KDV (%18),154
9642,SENCAN IC MEKAN YILBASI LEDI SNC-815-5,SNC-815-5,ÜRÜN AÇIKLAMASI YAKINDA EKLENECEKTIR,"600,000",KDV (%18),154
9643,SENCAN IC MEKAN YILBASI LEDI SNC-815-6,SNC-815-6,ÜRÜN AÇIKLAMASI YAKINDA EKLENECEKTIR,"600,000",KDV (%18),154
9644,SENCAN DIS MEKAN YILBASI LEDI SNC-816,SNC-816,30 CM - 12 BOY = 70 $50 CM - 12 BOY = 135 $80 CM - 16 BOY = 270 $,0.0000,KDV (%18),156
9645,SENCAN DIS MEKAN YILBASI LEDI SNC-816-1,SNC-816-1,ÜRÜN AÇIKLAMASI YAKINDA EKLENECEKTIR,"200,000",KDV (%18),156
9646,SENCAN DIS MEKAN YILBASI LEDI SNC-816-2,SNC-816-2,ÜRÜN AÇIKLAMASI YAKINDA EKLENECEKTIR,"1,700,000",KDV (%18),156
9647,SENCAN DIS MEKAN YILBASI LEDI SNC-816-3,SNC-816-3,ÜRÜN AÇIKLAMASI YAKINDA EKLENECEKTIR,"1,750,000",KDV (%18),156
9648,SENCAN DIS MEKAN YILBASI LEDI SNC-816-4,SNC-816-4,ÜRÜN AÇIKLAMASI YAKINDA EKLENECEKTIR,"1,730,000",KDV (%18),156
9649,SENCAN DIS MEKAN YILBASI LEDI SNC-817,SNC-817,ÜRÜN AÇIKLAMASI YAKINDA EKLENECEKTIR,"58,000",KDV (%18),156
9650,SENCAN DIS MEKAN YILBASI LEDI SNC-817- H,SNC-817-H,ÜRÜN AÇIKLAMASI YAKINDA EKLENECEKTIR,"42,000",KDV (%18),156
9651,SENCAN DIS MEKAN YILBASI LEDI SNC-817-1-RG B,SNC-817-1-RGB,ÜRÜN AÇIKLAMASI YAKINDA EKLENECEKTIR,"800,000",KDV (%18),156
9652,SENCAN DIS MEKAN YILBASI LEDI SNC-817-2,SNC-817-2,ÜRÜN AÇIKLAMASI YAKINDA EKLENECEKTIR,"390,000",KDV (%18),156
9653,SENCAN DIS MEKAN YILBASI LEDI SNC-818,SNC-818,ÜRÜN AÇIKLAMASI YAKINDA EKLENECEKTIR,"68,000",KDV (%18),156
9654,SENCAN DIS MEKAN YILBASI LEDI SNC-818- N,SNC-818-N,ÜRÜN AÇIKLAMASI YAKINDA EKLENECEKTIR,"45,000",KDV (%18),156
9655,SENCAN DIS MEKAN YILBASI LEDI SNC-818-1,SNC-818-1,ÜRÜN AÇIKLAMASI YAKINDA EKLENECEKTIR,"390,000",KDV (%18),156
9656,SENCAN DIS MEKAN YILBASI LEDI SNC-818-2,SNC-818-2,ÜRÜN AÇIKLAMASI YAKINDA EKLENECEKTIR,"410,000",KDV (%18),156
9657,SENCAN DIS MEKAN YILBASI LEDI SNC-818-3,SNC-818-3,ÜRÜN AÇIKLAMASI YAKINDA EKLENECEKTIR,"550,000",KDV (%18),156
9658,SENCAN DIS MEKAN YILBASI LEDI SNC-818-4,SNC-818-4,ÜRÜN AÇIKLAMASI YAKINDA EKLENECEKTIR,"600,000",KDV (%18),156
9659,SENCAN DIS MEKAN YILBASI LEDI SNC-819,SNC-819,ÜRÜN AÇIKLAMASI YAKINDA EKLENECEKTIR,"165,000",KDV (%18),156
9660,SENCAN DIS MEKAN YILBASI LEDI SNC-819-1,SNC-819-1,ÜRÜN AÇIKLAMASI YAKINDA EKLENECEKTIR,"400,000",KDV (%18),156
9661,SENCAN DIS MEKAN YILBASI LEDI SNC-819-2,SNC-819-2,ÜRÜN AÇIKLAMASI YAKINDA EKLENECEKTIR,"450,000",KDV (%18),156
9662,SENCAN DIS MEKAN YILBASI LEDI SNC-820,SNC-820,ÜRÜN AÇIKLAMASI YAKINDA EKLENECEKTIR,"1,230,000",KDV (%18),156
9663,SENCAN DIS MEKAN YILBASI LEDI SNC-820-1,SNC-820-1,ÜRÜN AÇIKLAMASI YAKINDA EKLENECEKTIR,"1,250,000",KDV (%18),156
9664,SENCAN DIS MEKAN YILBASI LEDI SNC-HAP P,SNC-HAPP,ÜRÜN AÇIKLAMASI YAKINDA EKLENECEKTIR,0.0000,KDV (%18),156
9665,SENCAN DIS MEKAN AYDINLATMA SNC-RAMAZA N,SNC-RAMAZAN,ÜRÜN AÇIKLAMASI YAKINDA EKLENECEKTIR,0.0000,KDV (%18),70
9666,SENCAN DIS MEKAN AYDINLATMA SNC-RAMAZA N-2,SNC-RAMAZAN-2,ÜRÜN AÇIKLAMASI YAKINDA EKLENECEKTIR,0.0000,KDV (%18),70
9667,SENCAN IC MEKAN YILBASI LEDI SNC-213,SNC-213,ÜRÜN AÇIKLAMASI YAKINDA EKLENECEKTIR,"67,000",KDV (%18),154
9668,SENCAN PILLI YILBASI LEDI SNC-304-1,SNC-304-1,SNC-304-1,"19,000",KDV (%18),155
9669,SENCAN PILLI YILBASI LEDI SNC-304-2,SNC-304-2,SNC-304-2,"37,000",KDV (%18),155
9670,SENCAN PILLI YILBASI LEDI SNC-305-1,SNC-305-1,SNC-305-1,"44,000",KDV (%18),155
9671,SENCAN PILLI YILBASI LEDI SNC-305-2,SNC-305-2,SNC-305-2,"60,000",KDV (%18),155
9672,SENCAN PILLI YILBASI LEDI SNC-306,SNC-306,ÜRÜN AÇIKLAMASI YAKINDA EKLENECEKTIR,"55,000",KDV (%18),155
9673,SENCAN PILLI YILBASI LEDI SNC-308-1,SNC-308-1,ÜRÜN AÇIKLAMASI YAKINDA EKLENECEKTIR,"120,000",KDV (%18),155
9674,SENCAN PILLI YILBASI LEDI SNC-312-1-1,SNC-312-1-1,ÜRÜN AÇIKLAMASI YAKINDA EKLENECEKTIR,"210,000",KDV (%18),155
9675,SENCAN SOLAR BAHCE AYDINLATMASI SNC-317-20,SNC-317-20,ÜRÜN AÇIKLAMASI YAKINDA EKLENECEKTIR,"300,000",KDV (%18),186
9676,SENCAN SOLAR BAHCE AYDINLATMASI SNC-317-30,SNC-317-30,ÜRÜN AÇIKLAMASI YAKINDA EKLENECEKTIR,"350,000",KDV (%18),186
9677,SENCAN IC MEKAN YILBASI LEDI SNC-403,SNC-403,ÜRÜN AÇIKLAMASI YAKINDA EKLENECEKTIR,"350,000",KDV (%18),154
9678,SENCAN IC MEKAN YILBASI LEDI SNC-505-1,SNC-505-1,ÜRÜN AÇIKLAMASI YAKINDA EKLENECEKTIR,"460,000",KDV (%18),154
9679,SENCAN DIS MEKAN YILBASI LEDI SNC-514,SNC-514,ÜRÜN AÇIKLAMASI YAKINDA EKLENECEKTIR,"550,000",KDV (%18),156
9680,SENCAN DIS MEKAN YILBASI LEDI SNC-514-1,SNC-514-1,ÜRÜN AÇIKLAMASI YAKINDA EKLENECEKTIR,"450,000",KDV (%18),156
9681,SENCAN DIS MEKAN YILBASI LEDI SNC-515,SNC-515,ÜRÜN AÇIKLAMASI YAKINDA EKLENECEKTIR,"560,000",KDV (%18),156
9682,SENCAN LED FILAMENT RUSTIK AMPUL SNC-255,SNC-255,220-240V | 7W | 620 LM | E27 | 6500K BEYAZ IŞIK,"22,000",KDV (%18),108
9683,SENCAN LED AYDINLATMA SNC-9683,SNC-9683,"220V | 3W | 250 LM | G9 | 2700K, 3000K GÜN IŞIĞI",0.0000,KDV (%18),
9684,SENCAN LED FILAMENT RUSTIK AMPUL SNC-G-9,SNC-G-9,"220V | 3W | 250 LM | G9 | 2700K, 3000K GÜN IŞIĞI","15,000",KDV (%18),108
9685,SENCAN LED FILAMENT RUSTIK AMPUL SNC-1453-2,SNC-1453-2,,"660,000",KDV (%18),"108, 109"
